{
"lengthUnit": "mil",
"components": {
	"fields": ["COMPONENT_NO", "COMPONENT_NAME", "LAYER", "X_COORDINATE", "Y_COORDINATE", "ANGLE"],
	"rows": [
		[1, "DC1", "T", 420, 2145, 180],
		[2, "H1", "T", 435, 1475, 0],
		[3, "H2", "T", 435, 1655, 0],
		[4, "OLED?PIN1", "T", 3060, 485, 0],
		[5, "P1", "T", 3010, 945, 180],
		[6, "SPI1", "T", 620, 85, 180],
		[7, "SPI2", "T", 1380, 85, 180],
		[8, "SW1", "T", 450, 750, 270],
		[9, "U1", "T", 1180, 1910, 90],
		[10, "U2", "T", 1165, 935, 0],
		[11, "U3", "T", 2460, 375, 180],
		[12, "U4", "T", 1780, 2665, 0],
		[13, "U5", "T", 2890, 1990, 270]
	]
},
"pins": {
	"fields": ["PIN_NO", "PIN_NAME", "PIN_X", "PIN_Y", "LAYER", "PIN_TYPE", "NET_NAME", "NET_TYPE", "PAD_SHAPE", "PAD_SIZEX", "PAD_SIZEY", "HOLE_SIZE", "PAD_ANGLE"],
	"rows": [
		[1, "DC1_2", 444.7, 1945.5, "T", "DIP", "GND", "GND", "O", 157.5, 51.2, 137.8, 0],
		[2, "DC1_2", 444.7, 1945.5, "B", "DIP", "GND", "GND", "O", 157.5, 51.2, 137.8, 0],
		[3, "DC1_3", 306.9, 2134.5, "T", "DIP", "GND", "GND", "O", 157.5, 51.2, 137.8, 270],
		[4, "DC1_3", 306.9, 2134.5, "B", "DIP", "GND", "GND", "O", 157.5, 51.2, 137.8, 270],
		[5, "DC1_4", 543.1, 2134.5, "T", "DIP", "VCC", "", "O", 157.5, 51.2, 137.8, 90],
		[6, "DC1_4", 543.1, 2134.5, "B", "DIP", "VCC", "", "O", 157.5, 51.2, 137.8, 90],
		[7, "H1_1", 385, 1475, "T", "DIP", "GND", "GND", "R", 66.93, 66.93, 39.37, 0],
		[8, "H1_1", 385, 1475, "B", "DIP", "GND", "GND", "R", 66.93, 66.93, 39.37, 0],
		[9, "H1_2", 485, 1475, "T", "DIP", "GND", "GND", "C", 66.93, 66.93, 39.37, 0],
		[10, "H1_2", 485, 1475, "B", "DIP", "GND", "GND", "C", 66.93, 66.93, 39.37, 0],
		[11, "H2_1", 385, 1655, "T", "DIP", "VCC", "", "R", 66.93, 66.93, 39.37, 0],
		[12, "H2_1", 385, 1655, "B", "DIP", "VCC", "", "R", 66.93, 66.93, 39.37, 0],
		[13, "H2_2", 485, 1655, "T", "DIP", "VCC", "", "C", 66.93, 66.93, 39.37, 0],
		[14, "H2_2", 485, 1655, "B", "DIP", "VCC", "", "C", 66.93, 66.93, 39.37, 0],
		[15, "OLED?PIN1_1", 3060, 485, "T", "DIP", "GND", "GND", "C", 82.68, 82.68, 39.37, 0],
		[16, "OLED?PIN1_1", 3060, 485, "B", "DIP", "GND", "GND", "C", 82.68, 82.68, 39.37, 0],
		[17, "OLED?PIN1_2", 3160, 485, "T", "DIP", "+5V", "", "C", 82.68, 82.68, 39.37, 0],
		[18, "OLED?PIN1_2", 3160, 485, "B", "DIP", "+5V", "", "C", 82.68, 82.68, 39.37, 0],
		[19, "OLED?PIN1_3", 3260, 485, "T", "DIP", "B8", "", "C", 82.68, 82.68, 39.37, 0],
		[20, "OLED?PIN1_3", 3260, 485, "B", "DIP", "B8", "", "C", 82.68, 82.68, 39.37, 0],
		[21, "OLED?PIN1_4", 3360, 485, "T", "DIP", "B9", "", "C", 82.68, 82.68, 39.37, 0],
		[22, "OLED?PIN1_4", 3360, 485, "B", "DIP", "B9", "", "C", 82.68, 82.68, 39.37, 0],
		[23, "P1_1", 3010, 945, "T", "DIP", "B10", "", "R", 60, 60, 30, 180],
		[24, "P1_1", 3010, 945, "B", "DIP", "B10", "", "R", 60, 60, 30, 180],
		[25, "P1_2", 3010, 1045.39, "T", "DIP", "B11", "", "C", 60, 60, 30, 180],
		[26, "P1_2", 3010, 1045.39, "B", "DIP", "B11", "", "C", 60, 60, 30, 180],
		[27, "P1_3", 3010, 1145.79, "T", "DIP", "GND", "GND", "C", 60, 60, 30, 180],
		[28, "P1_3", 3010, 1145.79, "B", "DIP", "GND", "GND", "C", 60, 60, 30, 180],
		[29, "P1_4", 3010, 1246.18, "T", "DIP", "+5V", "", "C", 60, 60, 30, 180],
		[30, "P1_4", 3010, 1246.18, "B", "DIP", "+5V", "", "C", 60, 60, 30, 180],
		[31, "SPI1_1", 423.1, 85, "T", "DIP", "AO2", "", "C", 50, 50, 30.2, 180],
		[32, "SPI1_1", 423.1, 85, "B", "DIP", "AO2", "", "C", 50, 50, 30.2, 180],
		[33, "SPI1_2", 501.9, 85, "T", "DIP", "GND", "GND", "C", 50, 50, 30.2, 180],
		[34, "SPI1_2", 501.9, 85, "B", "DIP", "GND", "GND", "C", 50, 50, 30.2, 180],
		[35, "SPI1_3", 580.6, 85, "T", "DIP", "A1", "", "C", 50, 50, 30.2, 180],
		[36, "SPI1_3", 580.6, 85, "B", "DIP", "A1", "", "C", 50, 50, 30.2, 180],
		[37, "SPI1_4", 659.4, 85, "T", "DIP", "A0", "", "C", 50, 50, 30.2, 180],
		[38, "SPI1_4", 659.4, 85, "B", "DIP", "A0", "", "C", 50, 50, 30.2, 180],
		[39, "SPI1_5", 738.1, 85, "T", "DIP", "+5V", "", "C", 50, 50, 30.2, 180],
		[40, "SPI1_5", 738.1, 85, "B", "DIP", "+5V", "", "C", 50, 50, 30.2, 180],
		[41, "SPI1_6", 816.8, 85, "T", "DIP", "AO1", "", "C", 50, 50, 30.2, 180],
		[42, "SPI1_6", 816.8, 85, "B", "DIP", "AO1", "", "C", 50, 50, 30.2, 180],
		[43, "SPI2_1", 1183.1, 85, "T", "DIP", "BO2", "", "C", 50, 50, 30.2, 180],
		[44, "SPI2_1", 1183.1, 85, "B", "DIP", "BO2", "", "C", 50, 50, 30.2, 180],
		[45, "SPI2_2", 1261.9, 85, "T", "DIP", "GND", "GND", "C", 50, 50, 30.2, 180],
		[46, "SPI2_2", 1261.9, 85, "B", "DIP", "GND", "GND", "C", 50, 50, 30.2, 180],
		[47, "SPI2_3", 1340.6, 85, "T", "DIP", "B7", "", "C", 50, 50, 30.2, 180],
		[48, "SPI2_3", 1340.6, 85, "B", "DIP", "B7", "", "C", 50, 50, 30.2, 180],
		[49, "SPI2_4", 1419.4, 85, "T", "DIP", "B6", "", "C", 50, 50, 30.2, 180],
		[50, "SPI2_4", 1419.4, 85, "B", "DIP", "B6", "", "C", 50, 50, 30.2, 180],
		[51, "SPI2_5", 1498.1, 85, "T", "DIP", "+5V", "", "C", 50, 50, 30.2, 180],
		[52, "SPI2_5", 1498.1, 85, "B", "DIP", "+5V", "", "C", 50, 50, 30.2, 180],
		[53, "SPI2_6", 1576.8, 85, "T", "DIP", "BO1", "", "C", 50, 50, 30.2, 180],
		[54, "SPI2_6", 1576.8, 85, "B", "DIP", "BO1", "", "C", 50, 50, 30.2, 180],
		[55, "SW1_1", 450, 935.04, "T", "DIP", "+12V", "", "R", 98.42, 118.11, 70.87, 270],
		[56, "SW1_1", 450, 935.04, "B", "DIP", "+12V", "", "R", 98.42, 118.11, 70.87, 270],
		[57, "SW1_2", 450, 750, "T", "DIP", "VCC", "", "C", 118.11, 118.11, 70.87, 270],
		[58, "SW1_2", 450, 750, "B", "DIP", "VCC", "", "C", 118.11, 118.11, 70.87, 270],
		[59, "SW1_3", 450, 564.96, "T", "DIP", "SW1_3", "", "C", 118.11, 118.11, 70.87, 270],
		[60, "SW1_3", 450, 564.96, "B", "DIP", "SW1_3", "", "C", 118.11, 118.11, 70.87, 270],
		[61, "U1_1", 920, 1545, "T", "DIP", "GND", "GND", "C", 78.74, 78.74, 35.43, 90],
		[62, "U1_1", 920, 1545, "B", "DIP", "GND", "GND", "C", 78.74, 78.74, 35.43, 90],
		[63, "U1_1", 1020, 1545, "T", "DIP", "GND", "GND", "C", 78.74, 78.74, 35.43, 90],
		[64, "U1_1", 1020, 1545, "B", "DIP", "GND", "GND", "C", 78.74, 78.74, 35.43, 90],
		[65, "U1_2", 1340, 1545, "T", "DIP", "+12V", "", "C", 78.74, 78.74, 35.43, 90],
		[66, "U1_2", 1340, 1545, "B", "DIP", "+12V", "", "C", 78.74, 78.74, 35.43, 90],
		[67, "U1_2", 1440, 1545, "T", "DIP", "+12V", "", "C", 78.74, 78.74, 35.43, 90],
		[68, "U1_2", 1440, 1545, "B", "DIP", "+12V", "", "C", 78.74, 78.74, 35.43, 90],
		[69, "U1_3", 920, 2275, "T", "DIP", "GND", "GND", "C", 78.74, 78.74, 35.43, 90],
		[70, "U1_3", 920, 2275, "B", "DIP", "GND", "GND", "C", 78.74, 78.74, 35.43, 90],
		[71, "U1_3", 1020, 2275, "T", "DIP", "GND", "GND", "C", 78.74, 78.74, 35.43, 90],
		[72, "U1_3", 1020, 2275, "B", "DIP", "GND", "GND", "C", 78.74, 78.74, 35.43, 90],
		[73, "U1_4", 1340, 2275, "T", "DIP", "+5V", "", "C", 78.74, 78.74, 35.43, 90],
		[74, "U1_4", 1340, 2275, "B", "DIP", "+5V", "", "C", 78.74, 78.74, 35.43, 90],
		[75, "U1_4", 1440, 2275, "T", "DIP", "+5V", "", "C", 78.74, 78.74, 35.43, 90],
		[76, "U1_4", 1440, 2275, "B", "DIP", "+5V", "", "C", 78.74, 78.74, 35.43, 90],
		[77, "U2_1", 865.79, 1285.15, "T", "DIP", "+12V", "", "C", 59.06, 59.06, 30, 0],
		[78, "U2_1", 865.79, 1285.15, "B", "DIP", "+12V", "", "C", 59.06, 59.06, 30, 0],
		[79, "U2_2", 865.79, 1185.15, "T", "DIP", "+5V", "", "C", 59.06, 59.06, 30, 0],
		[80, "U2_2", 865.79, 1185.15, "B", "DIP", "+5V", "", "C", 59.06, 59.06, 30, 0],
		[81, "U2_3", 865.79, 1085.15, "T", "DIP", "GND", "GND", "C", 59.06, 59.06, 30, 0],
		[82, "U2_3", 865.79, 1085.15, "B", "DIP", "GND", "GND", "C", 59.06, 59.06, 30, 0],
		[83, "U2_4", 865.79, 985.15, "T", "DIP", "AO2", "", "C", 59.06, 59.06, 30, 0],
		[84, "U2_4", 865.79, 985.15, "B", "DIP", "AO2", "", "C", 59.06, 59.06, 30, 0],
		[85, "U2_5", 865.79, 885.15, "T", "DIP", "AO1", "", "C", 59.06, 59.06, 30, 0],
		[86, "U2_5", 865.79, 885.15, "B", "DIP", "AO1", "", "C", 59.06, 59.06, 30, 0],
		[87, "U2_6", 865.79, 785.15, "T", "DIP", "BO2", "", "C", 59.06, 59.06, 30, 0],
		[88, "U2_6", 865.79, 785.15, "B", "DIP", "BO2", "", "C", 59.06, 59.06, 30, 0],
		[89, "U2_7", 865.79, 685.15, "T", "DIP", "BO1", "", "C", 59.06, 59.06, 30, 0],
		[90, "U2_7", 865.79, 685.15, "B", "DIP", "BO1", "", "C", 59.06, 59.06, 30, 0],
		[91, "U2_8", 865.79, 585.15, "T", "DIP", "GND", "GND", "C", 59.06, 59.06, 30, 0],
		[92, "U2_8", 865.79, 585.15, "B", "DIP", "GND", "GND", "C", 59.06, 59.06, 30, 0],
		[93, "U2_9", 1464.21, 1285.15, "T", "DIP", "A11", "", "C", 59.06, 59.06, 30, 0],
		[94, "U2_9", 1464.21, 1285.15, "B", "DIP", "A11", "", "C", 59.06, 59.06, 30, 0],
		[95, "U2_10", 1464.21, 1185.15, "T", "DIP", "B12", "", "C", 59.06, 59.06, 30, 0],
		[96, "U2_10", 1464.21, 1185.15, "B", "DIP", "B12", "", "C", 59.06, 59.06, 30, 0],
		[97, "U2_11", 1464.21, 1085.15, "T", "DIP", "B13", "", "C", 59.06, 59.06, 30, 0],
		[98, "U2_11", 1464.21, 1085.15, "B", "DIP", "B13", "", "C", 59.06, 59.06, 30, 0],
		[99, "U2_12", 1464.21, 985.15, "T", "DIP", "+5V", "", "C", 59.06, 59.06, 30, 0],
		[100, "U2_12", 1464.21, 985.15, "B", "DIP", "+5V", "", "C", 59.06, 59.06, 30, 0],
		[101, "U2_13", 1464.21, 885.15, "T", "DIP", "B14", "", "C", 59.06, 59.06, 30, 0],
		[102, "U2_13", 1464.21, 885.15, "B", "DIP", "B14", "", "C", 59.06, 59.06, 30, 0],
		[103, "U2_14", 1464.21, 785.15, "T", "DIP", "B15", "", "C", 59.06, 59.06, 30, 0],
		[104, "U2_14", 1464.21, 785.15, "B", "DIP", "B15", "", "C", 59.06, 59.06, 30, 0],
		[105, "U2_15", 1464.21, 685.15, "T", "DIP", "A8", "", "C", 59.06, 59.06, 30, 0],
		[106, "U2_15", 1464.21, 685.15, "B", "DIP", "A8", "", "C", 59.06, 59.06, 30, 0],
		[107, "U2_16", 1464.21, 585.15, "T", "DIP", "GND", "GND", "C", 59.06, 59.06, 30, 0],
		[108, "U2_16", 1464.21, 585.15, "B", "DIP", "GND", "GND", "C", 59.06, 59.06, 30, 0],
		[109, "U3_1", 2460, 375, "T", "DIP", "U3_1", "", "R", 62, 62, 35, 90],
		[110, "U3_1", 2460, 375, "B", "DIP", "U3_1", "", "R", 62, 62, 35, 90],
		[111, "U3_2", 2460, 475, "T", "DIP", "C13", "", "C", 62, 62, 35, 90],
		[112, "U3_2", 2460, 475, "B", "DIP", "C13", "", "C", 62, 62, 35, 90],
		[113, "U3_3", 2460, 575, "T", "DIP", "C14", "", "C", 62, 62, 35, 90],
		[114, "U3_3", 2460, 575, "B", "DIP", "C14", "", "C", 62, 62, 35, 90],
		[115, "U3_4", 2460, 675, "T", "DIP", "C15", "", "C", 62, 62, 35, 90],
		[116, "U3_4", 2460, 675, "B", "DIP", "C15", "", "C", 62, 62, 35, 90],
		[117, "U3_5", 2460, 775, "T", "DIP", "A0", "", "C", 62, 62, 35, 90],
		[118, "U3_5", 2460, 775, "B", "DIP", "A0", "", "C", 62, 62, 35, 90],
		[119, "U3_6", 2460, 875, "T", "DIP", "A1", "", "C", 62, 62, 35, 90],
		[120, "U3_6", 2460, 875, "B", "DIP", "A1", "", "C", 62, 62, 35, 90],
		[121, "U3_7", 2460, 975, "T", "DIP", "A2", "", "C", 62, 62, 35, 90],
		[122, "U3_7", 2460, 975, "B", "DIP", "A2", "", "C", 62, 62, 35, 90],
		[123, "U3_8", 2460, 1075, "T", "DIP", "A3", "", "C", 62, 62, 35, 90],
		[124, "U3_8", 2460, 1075, "B", "DIP", "A3", "", "C", 62, 62, 35, 90],
		[125, "U3_9", 2460, 1175, "T", "DIP", "A4", "", "C", 62, 62, 35, 90],
		[126, "U3_9", 2460, 1175, "B", "DIP", "A4", "", "C", 62, 62, 35, 90],
		[127, "U3_10", 2460, 1275, "T", "DIP", "A5", "", "C", 62, 62, 35, 90],
		[128, "U3_10", 2460, 1275, "B", "DIP", "A5", "", "C", 62, 62, 35, 90],
		[129, "U3_11", 2460, 1375, "T", "DIP", "A6", "", "C", 62, 62, 35, 90],
		[130, "U3_11", 2460, 1375, "B", "DIP", "A6", "", "C", 62, 62, 35, 90],
		[131, "U3_12", 2460, 1475, "T", "DIP", "A7", "", "C", 62, 62, 35, 90],
		[132, "U3_12", 2460, 1475, "B", "DIP", "A7", "", "C", 62, 62, 35, 90],
		[133, "U3_13", 2460, 1575, "T", "DIP", "B0", "", "C", 62, 62, 35, 90],
		[134, "U3_13", 2460, 1575, "B", "DIP", "B0", "", "C", 62, 62, 35, 90],
		[135, "U3_14", 2460, 1675, "T", "DIP", "B1", "", "C", 62, 62, 35, 90],
		[136, "U3_14", 2460, 1675, "B", "DIP", "B1", "", "C", 62, 62, 35, 90],
		[137, "U3_15", 2460, 1775, "T", "DIP", "B10", "", "C", 62, 62, 35, 90],
		[138, "U3_15", 2460, 1775, "B", "DIP", "B10", "", "C", 62, 62, 35, 90],
		[139, "U3_16", 2460, 1875, "T", "DIP", "B11", "", "C", 62, 62, 35, 90],
		[140, "U3_16", 2460, 1875, "B", "DIP", "B11", "", "C", 62, 62, 35, 90],
		[141, "U3_17", 2460, 1975, "T", "DIP", "U3_17", "", "C", 62, 62, 35, 90],
		[142, "U3_17", 2460, 1975, "B", "DIP", "U3_17", "", "C", 62, 62, 35, 90],
		[143, "U3_18", 2460, 2075, "T", "DIP", "U3_18", "", "C", 62, 62, 35, 90],
		[144, "U3_18", 2460, 2075, "B", "DIP", "U3_18", "", "C", 62, 62, 35, 90],
		[145, "U3_19", 2460, 2175, "T", "DIP", "GND", "GND", "C", 62, 62, 35, 90],
		[146, "U3_19", 2460, 2175, "B", "DIP", "GND", "GND", "C", 62, 62, 35, 90],
		[147, "U3_20", 2460, 2275, "T", "DIP", "GND", "GND", "C", 62, 62, 35, 90],
		[148, "U3_20", 2460, 2275, "B", "DIP", "GND", "GND", "C", 62, 62, 35, 90],
		[149, "U3_21", 1860, 2275, "T", "DIP", "B12", "", "C", 62, 62, 35, 90],
		[150, "U3_21", 1860, 2275, "B", "DIP", "B12", "", "C", 62, 62, 35, 90],
		[151, "U3_22", 1860, 2175, "T", "DIP", "B13", "", "C", 62, 62, 35, 90],
		[152, "U3_22", 1860, 2175, "B", "DIP", "B13", "", "C", 62, 62, 35, 90],
		[153, "U3_23", 1860, 2075, "T", "DIP", "B14", "", "C", 62, 62, 35, 90],
		[154, "U3_23", 1860, 2075, "B", "DIP", "B14", "", "C", 62, 62, 35, 90],
		[155, "U3_24", 1860, 1975, "T", "DIP", "B15", "", "C", 62, 62, 35, 90],
		[156, "U3_24", 1860, 1975, "B", "DIP", "B15", "", "C", 62, 62, 35, 90],
		[157, "U3_25", 1860, 1875, "T", "DIP", "A8", "", "C", 62, 62, 35, 90],
		[158, "U3_25", 1860, 1875, "B", "DIP", "A8", "", "C", 62, 62, 35, 90],
		[159, "U3_26", 1860, 1775, "T", "DIP", "A9", "", "C", 62, 62, 35, 90],
		[160, "U3_26", 1860, 1775, "B", "DIP", "A9", "", "C", 62, 62, 35, 90],
		[161, "U3_27", 1860, 1675, "T", "DIP", "A10", "", "C", 62, 62, 35, 90],
		[162, "U3_27", 1860, 1675, "B", "DIP", "A10", "", "C", 62, 62, 35, 90],
		[163, "U3_28", 1860, 1575, "T", "DIP", "A11", "", "C", 62, 62, 35, 90],
		[164, "U3_28", 1860, 1575, "B", "DIP", "A11", "", "C", 62, 62, 35, 90],
		[165, "U3_29", 1860, 1475, "T", "DIP", "A12", "", "C", 62, 62, 35, 90],
		[166, "U3_29", 1860, 1475, "B", "DIP", "A12", "", "C", 62, 62, 35, 90],
		[167, "U3_30", 1860, 1375, "T", "DIP", "A15", "", "C", 62, 62, 35, 90],
		[168, "U3_30", 1860, 1375, "B", "DIP", "A15", "", "C", 62, 62, 35, 90],
		[169, "U3_31", 1860, 1275, "T", "DIP", "B3", "", "C", 62, 62, 35, 90],
		[170, "U3_31", 1860, 1275, "B", "DIP", "B3", "", "C", 62, 62, 35, 90],
		[171, "U3_32", 1860, 1175, "T", "DIP", "B4", "", "C", 62, 62, 35, 90],
		[172, "U3_32", 1860, 1175, "B", "DIP", "B4", "", "C", 62, 62, 35, 90],
		[173, "U3_33", 1860, 1075, "T", "DIP", "B5", "", "C", 62, 62, 35, 90],
		[174, "U3_33", 1860, 1075, "B", "DIP", "B5", "", "C", 62, 62, 35, 90],
		[175, "U3_34", 1860, 975, "T", "DIP", "B6", "", "C", 62, 62, 35, 90],
		[176, "U3_34", 1860, 975, "B", "DIP", "B6", "", "C", 62, 62, 35, 90],
		[177, "U3_35", 1860, 875, "T", "DIP", "B7", "", "C", 62, 62, 35, 90],
		[178, "U3_35", 1860, 875, "B", "DIP", "B7", "", "C", 62, 62, 35, 90],
		[179, "U3_36", 1860, 775, "T", "DIP", "B8", "", "C", 62, 62, 35, 90],
		[180, "U3_36", 1860, 775, "B", "DIP", "B8", "", "C", 62, 62, 35, 90],
		[181, "U3_37", 1860, 675, "T", "DIP", "B9", "", "C", 62, 62, 35, 90],
		[182, "U3_37", 1860, 675, "B", "DIP", "B9", "", "C", 62, 62, 35, 90],
		[183, "U3_38", 1860, 575, "T", "DIP", "+5V", "", "C", 62, 62, 35, 90],
		[184, "U3_38", 1860, 575, "B", "DIP", "+5V", "", "C", 62, 62, 35, 90],
		[185, "U3_39", 1860, 475, "T", "DIP", "GND", "GND", "C", 62, 62, 35, 90],
		[186, "U3_39", 1860, 475, "B", "DIP", "GND", "GND", "C", 62, 62, 35, 90],
		[187, "U3_40", 1860, 375, "T", "DIP", "U3_40", "", "R", 62, 62, 35, 90],
		[188, "U3_40", 1860, 375, "B", "DIP", "U3_40", "", "R", 62, 62, 35, 90],
		[189, "U4_1", 1930, 2665, "T", "DIP", "+5V", "", "C", 70, 70, 35, 0],
		[190, "U4_1", 1930, 2665, "B", "DIP", "+5V", "", "C", 70, 70, 35, 0],
		[191, "U4_2", 1830, 2665, "T", "DIP", "A3", "", "C", 70, 70, 35, 0],
		[192, "U4_2", 1830, 2665, "B", "DIP", "A3", "", "C", 70, 70, 35, 0],
		[193, "U4_3", 1730, 2665, "T", "DIP", "A2", "", "C", 70, 70, 35, 0],
		[194, "U4_3", 1730, 2665, "B", "DIP", "A2", "", "C", 70, 70, 35, 0],
		[195, "U4_4", 1630, 2665, "T", "DIP", "GND", "GND", "C", 70, 70, 35, 0],
		[196, "U4_4", 1630, 2665, "B", "DIP", "GND", "GND", "C", 70, 70, 35, 0],
		[197, "U5_1", 2890, 2340, "T", "DIP", "+5V", "", "R", 59.05, 59.05, 39.37, 270],
		[198, "U5_1", 2890, 2340, "B", "DIP", "+5V", "", "R", 59.05, 59.05, 39.37, 270],
		[199, "U5_2", 2890, 2240, "T", "DIP", "GND", "GND", "C", 59.05, 59.05, 39.37, 270],
		[200, "U5_2", 2890, 2240, "B", "DIP", "GND", "GND", "C", 59.05, 59.05, 39.37, 270],
		[201, "U5_3", 2890, 2140, "T", "DIP", "B4", "", "C", 59.05, 59.05, 39.37, 270],
		[202, "U5_3", 2890, 2140, "B", "DIP", "B4", "", "C", 59.05, 59.05, 39.37, 270],
		[203, "U5_4", 2890, 2040, "T", "DIP", "B3", "", "C", 59.05, 59.05, 39.37, 270],
		[204, "U5_4", 2890, 2040, "B", "DIP", "B3", "", "C", 59.05, 59.05, 39.37, 270],
		[205, "U5_5", 2890, 1940, "T", "DIP", "U5_5", "", "C", 59.05, 59.05, 39.37, 270],
		[206, "U5_5", 2890, 1940, "B", "DIP", "U5_5", "", "C", 59.05, 59.05, 39.37, 270],
		[207, "U5_6", 2890, 1840, "T", "DIP", "U5_6", "", "C", 59.05, 59.05, 39.37, 270],
		[208, "U5_6", 2890, 1840, "B", "DIP", "U5_6", "", "C", 59.05, 59.05, 39.37, 270],
		[209, "U5_7", 2890, 1740, "T", "DIP", "U5_7", "", "C", 59.05, 59.05, 39.37, 270],
		[210, "U5_7", 2890, 1740, "B", "DIP", "U5_7", "", "C", 59.05, 59.05, 39.37, 270],
		[211, "U5_8", 2890, 1640, "T", "DIP", "B5", "", "C", 59.05, 59.05, 39.37, 270],
		[212, "U5_8", 2890, 1640, "B", "DIP", "B5", "", "C", 59.05, 59.05, 39.37, 270]
	]
}
}